id,haemoglobin,platelet,white_corpuscles,red_corpuscles,glucose,cholesterol
109,10.4,180000,5700,3.7,77,25
150,13.8,320000,7500,5.4,92,30
194,13.5,370000,8500,5.1,90,29
171,12.7,290000,7800,4.8,86,29
189,14.9,380000,8700,5.7,95,31
91,12.0,260000,7000,4.4,87,28
46,14.5,380000,8700,5.7,95,31
101,11.8,250000,7000,4.2,84,27
69,11.5,240000,7100,4.2,84,27
187,13.6,330000,7400,5.6,93,31
61,12.2,310000,7700,4.6,88,29
30,11.8,280000,7300,4.3,85,28
126,15.2,400000,9200,5.8,96,32
2,13.4,390000,8900,5.7,94,31
65,11.8,280000,7300,4.3,85,28
152,13.0,330000,7600,5.0,90,29
76,10.7,200000,5900,3.9,79,26
133,11.8,250000,7000,4.2,84,27
185,14.5,380000,8500,5.2,94,31
173,15.2,400000,9200,5.8,96,32
155,14.2,370000,8300,5.4,92,31
83,10.2,190000,5600,3.6,76,24
93,12.2,270000,7200,4.6,88,28
74,10.8,200000,5900,3.9,79,26
8,14.8,360000,8200,5.3,91,30
156,11.0,200000,6000,4.0,80,26
14,12.2,310000,7700,4.6,88,29
104,14.7,360000,8100,5.5,93,31
40,14.8,360000,8200,5.3,91,30
157,15.1,380000,9000,5.7,96,32
99,12.0,230000,6900,4.3,85,28
149,11.7,250000,6800,4.1,83,27
193,13.5,350000,8000,5.1,90,29
122,11.5,240000,7100,4.2,84,27
19,13.9,330000,7200,5.3,91,30
182,14.4,370000,8600,5.3,91,30
174,11.8,250000,6800,4.2,84,27
168,11.5,240000,7100,4.2,84,27
70,13.2,350000,8000,5.0,90,29
51,14.5,380000,8500,5.2,94,31
9,13.6,330000,7400,5.6,93,31
107,10.4,180000,5700,3.7,77,25
11,12.7,290000,7800,4.8,86,29
180,13.8,350000,8000,5.3,92,30
36,12.6,260000,7000,4.5,87,28
60,13.8,320000,7500,5.4,92,30
39,12.1,280000,7000,4.5,89,27
21,14.2,360000,8300,5.2,91,30
118,13.5,370000,8500,5.1,90,29
25,12.0,260000,7200,4.4,87,28
195,14.0,360000,8200,5.6,93,31
35,12.1,310000,7700,4.6,88,29
20,14.9,380000,8700,5.7,95,31
132,11.6,260000,7200,4.4,86,28
121,14.4,370000,8600,5.3,91,30
120,12.4,310000,7600,4.7,88,29
127,13.5,370000,8500,5.1,90,29
92,11.6,240000,7100,4.2,84,27
37,14.9,380000,8700,5.8,95,31
38,12.0,230000,6900,4.3,85,28
50,10.3,180000,5600,3.7,77,25
89,11.0,200000,6000,4.0,80,26
124,11.6,260000,7200,4.4,86,28
162,13.0,330000,7600,5.0,90,29
116,14.8,370000,8500,5.5,93,31
163,12.5,270000,7300,4.7,87,29
169,13.3,340000,7900,5.1,90,29
54,13.7,310000,7800,5.6,93,31
123,11.9,260000,7100,4.4,87,28
140,15.0,400000,9000,5.8,96,32
26,13.0,330000,7600,5.0,90,29
34,10.5,180000,5800,3.8,78,25
27,11.6,240000,7100,4.2,84,27
147,12.6,280000,7400,4.8,86,29
192,15.1,380000,9000,5.7,96,32
33,12.6,280000,7400,4.8,86,29
181,14.9,380000,8700,5.8,95,31
1,12.3,290000,7400,4.6,88,29
78,13.2,350000,8000,5.0,90,29
108,13.2,340000,7800,5.3,91,30
134,10.2,190000,5600,3.6,76,24
56,14.7,350000,8200,5.4,92,30
68,10.4,180000,5700,3.7,77,25
59,13.6,330000,7400,5.6,93,31
4,13.2,340000,7800,5.3,91,30
164,13.8,320000,7400,5.5,93,31
75,12.7,280000,7400,4.8,86,29
119,14.2,360000,8300,5.2,91,30
79,15.0,400000,9000,5.8,96,32
31,14.2,360000,8300,5.2,91,30
115,10.8,200000,5900,3.9,79,26
176,13.0,330000,7600,5.0,90,29
196,15.2,400000,9200,5.8,96,32
95,12.0,260000,7200,4.4,87,28
48,13.8,350000,8000,5.3,92,30
128,14.9,380000,8700,5.7,95,31
198,11.5,240000,7100,4.2,84,27
191,13.5,350000,8000,5.1,90,29
165,10.9,190000,5800,3.8,80,26
22,12.1,280000,7000,4.5,89,27
42,13.2,340000,7800,5.1,90,29
102,14.9,380000,8700,5.8,95,31
177,14.0,370000,8700,5.5,95,30
170,13.8,320000,7400,5.5,93,31
52,12.0,260000,7000,4.4,87,28
114,10.7,200000,5900,3.9,79,26
183,10.9,190000,5800,3.8,80,26
13,11.9,260000,7100,4.4,87,28
41,12.0,260000,7200,4.4,87,28
72,13.8,350000,8000,5.3,92,30
66,12.5,300000,7700,4.7,88,29
166,12.6,280000,7400,4.8,86,29
143,14.2,360000,8300,5.2,91,30
112,12.5,290000,7500,4.7,88,29
97,14.6,350000,8200,5.4,92,30
47,14.2,360000,8300,5.2,91,30
67,15.0,400000,9000,5.8,96,32
197,14.2,360000,8300,5.2,91,30
188,11.6,260000,7200,4.4,86,28
148,11.9,250000,6800,4.1,83,27
17,12.4,300000,7700,4.7,88,29
184,13.3,340000,7900,5.1,90,29
6,14.3,360000,8300,5.2,91,30
167,13.9,330000,7200,5.3,91,30
49,14.7,350000,8200,5.4,92,30
113,13.2,340000,7800,5.1,90,29
71,14.6,370000,8600,5.4,92,31
138,11.5,240000,7100,4.2,84,27
53,14.2,370000,8300,5.4,92,31
3,14.0,360000,8200,5.6,93,31
43,14.3,360000,8300,5.2,91,30
179,14.6,350000,8200,5.4,92,30
77,14.2,360000,8300,5.2,91,30
135,13.5,370000,8500,5.1,90,29
137,12.3,290000,7500,4.5,89,28
158,14.7,350000,8200,5.4,92,30
98,13.5,330000,7200,5.5,93,31
10,13.2,340000,7800,5.1,90,29
103,13.2,340000,7800,5.3,91,30
64,13.0,330000,7600,5.0,90,29
175,12.7,290000,7800,4.8,86,29
161,12.0,230000,6900,4.3,85,28
80,10.2,190000,5600,3.6,76,24
18,12.3,290000,7500,4.5,89,28
32,13.6,330000,7400,5.6,93,31
87,15.1,380000,9000,5.7,96,32
16,15.1,380000,9000,5.8,96,32
88,14.0,360000,8200,5.2,91,30
106,11.7,250000,6800,4.1,83,27
178,15.0,400000,9000,5.8,96,32
145,14.0,370000,8700,5.5,95,30
86,14.7,360000,8100,5.5,93,31
111,10.9,190000,5800,3.8,80,26
159,12.2,270000,7200,4.6,88,28
82,11.5,240000,7100,4.2,84,27
5,13.5,350000,8000,5.1,90,29
96,12.0,260000,7000,4.4,87,28
7,13.2,340000,7800,5.3,91,30
58,12.5,270000,7300,4.7,87,29
190,14.3,340000,7800,5.1,89,30
63,12.6,280000,7400,4.8,86,29
151,12.0,260000,7200,4.4,87,28
24,14.2,360000,8300,5.2,91,30
84,14.8,360000,8200,5.3,91,30
139,12.8,280000,7000,4.3,87,28
28,13.5,350000,8000,5.3,92,30
110,12.8,280000,7000,4.3,87,28
200,12.3,290000,7400,4.6,88,29
146,12.2,270000,7200,4.6,88,28
94,11.8,250000,6800,4.2,84,27
125,15.0,400000,9000,5.8,96,32
12,12.8,300000,7600,4.9,88,29
105,12.2,290000,7500,4.5,89,28
144,14.9,380000,8700,5.7,95,31
45,12.3,290000,7400,4.6,88,29
141,13.6,310000,7800,5.6,93,31
23,13.0,330000,7600,5.0,90,29
62,12.8,280000,7000,4.3,87,28
57,12.0,260000,7200,4.4,87,28
29,14.9,380000,8700,5.8,95,31
44,13.8,320000,7400,5.5,93,31
130,13.7,310000,7800,5.6,93,31
100,12.3,290000,7400,4.6,88,29
15,12.5,290000,7500,4.7,88,29
136,13.0,320000,7400,5.2,91,30
199,10.7,200000,5900,3.9,79,26
154,13.2,340000,7800,5.3,91,30
90,10.5,180000,5800,3.8,78,25
172,14.0,370000,8700,5.5,95,30
85,13.3,340000,7900,5.1,90,29
142,12.3,290000,7400,4.6,88,29
131,13.0,320000,7400,5.2,91,30
186,13.3,340000,7900,5.1,90,29
55,12.6,280000,7400,4.8,86,29
117,14.5,380000,8700,5.7,95,31
73,11.6,260000,7200,4.4,86,28
153,12.0,260000,7000,4.4,87,28
160,13.2,340000,7800,5.3,91,30
81,12.6,260000,7000,4.5,87,28
129,13.0,320000,7400,5.2,91,30
