id,image_name
1,colonn1
2,colonn2
3,colonn3
4,colonn4
5,colonn5
6,colonn6
7,colonn7
8,colonn8
9,colonn9
10,colonn10
11,colonn11
12,colonn12
13,colonn13
14,colonn14
15,colonn15
16,colonn16
17,colonn17
18,colonn18
19,colonn19
20,colonn20
21,colonn21
22,colonn22
23,colonn23
24,colonn24
25,colonn25
26,colonn26
27,colonn27
28,colonn28
29,colonn29
30,colonn30
31,colonn31
32,colonn32
33,colonn33
34,colonn34
35,colonn35
36,colonn36
37,colonn37
38,colonn38
39,colonn39
40,colonn40
41,colonn41
42,colonn42
43,colonn43
44,colonn44
45,colonn45
46,colonn46
47,colonn47
48,colonn48
49,colonn49
50,colonn50
51,colonn51
52,colonn52
53,colonn53
54,colonn54
55,colonn55
56,colonn56
57,colonn57
58,colonn58
59,colonn59
60,colonn60
61,colonn61
62,colonn62
63,colonn63
64,colonn64
65,colonn65
66,colonn66
67,colonn67
68,colonn68
69,colonn69
70,colonn70
71,colonn71
72,colonn72
73,colonn73
74,colonn74
75,colonn75
76,colonn76
77,colonn77
78,colonn78
79,colonn79
80,colonn80
81,colonn81
82,colonn82
83,colonn83
84,colonn84
85,colonn85
86,colonn86
87,colonn87
88,colonn88
89,colonn89
90,colonn90
91,colonn91
92,colonn92
93,colonn93
94,colonn94
95,colonn95
96,colonn96
97,colonn97
98,colonn98
99,colonn99
100,colonn100
101,colonca1
102,colonca2
103,colonca3
104,colonca4
105,colonca5
106,colonca6
107,colonca7
108,colonca8
109,colonca9
110,colonca10
111,colonca11
112,colonca12
113,colonca13
114,colonca14
115,colonca15
116,colonca16
117,colonca17
118,colonca18
119,colonca19
120,colonca20
121,colonca21
122,colonca22
123,colonca23
124,colonca24
125,colonca25
126,colonca26
127,colonca27
128,colonca28
129,colonca29
130,colonca30
131,colonca31
132,colonca32
133,colonca33
134,colonca34
135,colonca35
136,colonca36
137,colonca37
138,colonca38
139,colonca39
140,colonca40
141,colonca41
142,colonca42
143,colonca43
144,colonca44
145,colonca45
146,colonca46
147,colonca47
148,colonca48
149,colonca49
150,colonca50
151,colonca51
152,colonca52
153,colonca53
154,colonca54
155,colonca55
156,colonca56
157,colonca57
158,colonca58
159,colonca59
160,colonca60
161,colonca61
162,colonca62
163,colonca63
164,colonca64
165,colonca65
166,colonca66
167,colonca67
168,colonca68
169,colonca69
170,colonca70
171,colonca71
172,colonca72
173,colonca73
174,colonca74
175,colonca75
176,colonca76
177,colonca77
178,colonca78
179,colonca79
180,colonca80
181,colonca81
182,colonca82
183,colonca83
184,colonca84
185,colonca85
186,colonca86
187,colonca87
188,colonca88
189,colonca89
190,colonca90
191,colonca91
192,colonca92
193,colonca93
194,colonca94
195,colonca95
196,colonca96
197,colonca97
198,colonca98
199,colonca99
200,colonca100
